contact_id,first_name,last_name,email
4661,cecilia,velasco,cecilia.velasco@rodrigues.fr
3765,mariana,ellis,mariana.ellis@rossi.org
4187,sofie,woods,sofie.woods@riviere.com
4941,jeanette,iannotti,jeanette.iannotti@yahoo.com
2199,samuel,sorgatz,samuel.sorgatz@gmail.com
5650,socorro,luna,socorro.luna@hotmail.com
5889,carolina,murray,carolina.murray@knight.com
4842,kayla,moon,kayla.moon@yahoo.de
3280,ariadna,geisel,ariadna.geisel@rangel.com
5468,danielle,ladeck,danielle.ladeck@scalfaro.net
3064,tatiana,thompson,tatiana.thompson@hunt.net
4904,caleb,benavides,caleb.benavides@rubio.com
1299,sandra,hardy,sandra.hardy@web.de
5602,lotti,morris,lotti.morris@yahoo.co.uk
5753,reinhilde,white,reinhilde.white@voila.fr
4495,kerry,patel,kerry.patel@hutchinson.com
4269,sophie,antoine,sophie.antoine@andersen.com
2226,martha,girard,martha.girard@web.de
1558,stephanie,king,stephanie.king@cervantes.com
2307,amanda,palmer,amanda.palmer@didier.fr
2900,lina,alcala,lina.alcala@vespa.net
5695,itzel,murphy,itzel.murphy@muelichen.de
5708,filippo,parry,filippo.parry@live.com
1663,katelyn,cole,katelyn.cole@fiebig.com
3605,brian,novak,brian.novak@ford.net
4678,cilly,gay,cilly.gay@callegaro.it
2251,yolanda,snyder,yolanda.snyder@gmx.de
6202,evelin,odonnell,evelin.odonnell@ibarra.net
3715,ingeborg,alba,ingeborg.alba@hotmail.com
4242,marina,madrid,marina.madrid@galarza-alba.com
4326,sheila,goodwin,sheila.goodwin@yahoo.com
5560,valeria,rich,valeria.rich@turchetta-mondadori.it
4002,dustin,camacho,dustin.camacho@rhodes.org.au
3813,amalia,marenzio,amalia.marenzio@grupo.com
5336,gian,long,gian.long@hotmail.com
4994,stewart,hunt,stewart.hunt@anderson-vargas.biz
1471,greca,ruiz,greca.ruiz@carr.co.uk
4482,gerald,olivera,gerald.olivera@outlook.com
3241,jaqueline,wallace,jaqueline.wallace@gmail.com
3477,john,lane,john.lane@gregoire.fr
2265,pero,joly,pero.joly@bernard.net
5911,chad,turner,chad.turner@gmail.com
2288,adam,zavala,adam.zavala@guichard.fr
4064,tyler,rivera,tyler.rivera@guajardo-ozuna.com
1294,jens,graham,jens.graham@jones-buckley.com
5008,virginia,caetani,virginia.caetani@sosa.biz
3604,martino,wagner,martino.wagner@laposte.net
3263,martin,meyer,martin.meyer@davis.co.uk
5631,marguerite,walls,marguerite.walls@martinez.fr
2851,peter,vogt,peter.vogt@yahoo.com
3714,nicholas,christian,nicholas.christian@hotmail.de
1664,susi,steinberg,susi.steinberg@preiss.com
5027,tammy,ramazzotti,tammy.ramazzotti@gmail.com
3070,abdul,thomas,abdul.thomas@vasari.com
4248,justin,luxardo,justin.luxardo@googlemail.com
2034,antonio,gibson,antonio.gibson@faust.net
4085,jeremy,gomez,jeremy.gomez@oconnor.org
3569,raymond,solorzano,raymond.solorzano@gmail.com
3889,flora,harris,flora.harris@hotmail.com.au
3136,cheryl,boyd,cheryl.boyd@segni.it
2103,rhys,leiva,rhys.leiva@gmx.de
2329,mariano,prieto,mariano.prieto@vodafone.it
3325,laurie,fibonacci,laurie.fibonacci@gmail.com
3131,david,rudolph,david.rudolph@nelson.com
4995,bryan,ross,bryan.ross@yahoo.com
3631,ubaldo,brown,ubaldo.brown@philippe.com
5373,clelia,faulkner,clelia.faulkner@hotmail.com
3126,sara,erickson,sara.erickson@yahoo.de
2194,rupert,valle,rupert.valle@filogamo.it
2906,puccio,kitzmann,puccio.kitzmann@yahoo.com
2611,thomas,hutchinson,thomas.hutchinson@gmx.de
2374,abelardo,castro,abelardo.castro@gmail.com
3254,greco,walker,greco.walker@yahoo.com
3571,miranda,lacombe,miranda.lacombe@longoria-vanegas.net
2812,diana,schuchhardt,diana.schuchhardt@libero.it
3961,stacey,knox,stacey.knox@corporacin.com
3872,glen,faivre,glen.faivre@yahoo.com
4736,andrew,torres,andrew.torres@ruiz-torres.org
5119,denny,fritz,denny.fritz@despacho.biz
5725,martyn,caldera,martyn.caldera@hotmail.co.uk
4037,abigail,foster,abigail.foster@taylor.net
2109,anthony,hauffer,anthony.hauffer@tlustek.org
3283,roger,gerlach,roger.gerlach@may-mitchell.co.uk
6181,christopher,poirier,christopher.poirier@hotmail.com
3251,branka,traore,branka.traore@jacobi.com
3443,briana,etienne,briana.etienne@bishop-coates.com
2988,brandon,olson,brandon.olson@prince-moreno.net
1673,celia,ungaretti,celia.ungaretti@fox.com
2085,barbara,guibert,barbara.guibert@casares-sanches.com
1672,daniela,bell,daniela.bell@vollbrecht.org
4426,phyllis,gurule,phyllis.gurule@rodriguez-pham.com
3211,alejandra,joseph,alejandra.joseph@escalante-abrego.biz
3190,giulio,bohlander,giulio.bohlander@dbmail.com
2081,amber,weller,amber.weller@toso.eu
3185,mary,etzold,mary.etzold@conrad-harrison.com
5044,amy,georges,amy.georges@raedel.de
1883,jennifer,giraud,jennifer.giraud@yahoo.com
2067,rosie,peltier,rosie.peltier@voila.fr
4604,oreste,ward,oreste.ward@proyectos.com
3203,luis,edwards,luis.edwards@live.com
5758,fiona,griffiths,fiona.griffiths@curatoli-verdone.it
5755,sally,raya,sally.raya@tarchetti.it
5150,carolyn,charpentier,carolyn.charpentier@hotmail.de
4181,nathalie,alvarez,nathalie.alvarez@live.com
3006,abril,lowery,abril.lowery@novak.net
4865,ottone,sullivan,ottone.sullivan@hussain-kaur.com
2862,esmeralda,sollima,esmeralda.sollima@visintini.it
6070,silvia,gierschner,silvia.gierschner@tele2.it
5300,kyle,cunningham,kyle.cunningham@voila.fr
3486,anel,carpentier,anel.carpentier@klein-joseph.org
5989,sarah,davis,sarah.davis@david.com
2849,luke,klein,luke.klein@hotmail.com
1612,gudrun,mueller,gudrun.mueller@dillon-fuller.info
3307,melissa,canali,melissa.canali@libero.it
5288,gabrielle,ayala,gabrielle.ayala@hotmail.com
6026,laura,buckley,laura.buckley@ryan.org
2212,wilfrido,lorch,wilfrido.lorch@leclerc.fr
4591,robert,bruder,robert.bruder@manzoni.com
2771,phillip,soliz,phillip.soliz@outlook.com
5682,alex,smith,alex.smith@fournier.fr
5368,jessica,martinez,jessica.martinez@salieri.com
3706,kelly,carter,kelly.carter@hotmail.com.au
4034,ahmad,sosa,ahmad.sosa@gmail.com
3209,toralf,iglesias,toralf.iglesias@borrego.com
2384,irene,anichini,irene.anichini@yahoo.com
3074,alicia,cainero,alicia.cainero@yahoo.com
2031,tracey,laboy,tracey.laboy@bell.biz
5873,donald,reynaud,donald.reynaud@green.edu.au
5501,venancio,stadelmann,venancio.stadelmann@gmx.de
3489,seth,olivier,seth.olivier@yahoo.com
4210,dennis,boaga,dennis.boaga@gmx.de
6151,pedro,wilson,pedro.wilson@outlook.com
6047,roland,weihmann,roland.weihmann@gmail.com
5445,hector,morrison,hector.morrison@web.de
5493,evangelos,peters,evangelos.peters@sanchez.net
6036,gerardo,hamilton,gerardo.hamilton@libero.it
2368,meta,cuzzocrea,meta.cuzzocrea@howard-jensen.org
1501,alma,raymond,alma.raymond@tin.it
4351,kathleen,solimena,kathleen.solimena@wallace.biz
3096,zacharie,cordier,zacharie.cordier@gmail.com
6162,riza,techer,riza.techer@yahoo.com
1433,enrique,guillen,enrique.guillen@hotmail.co.uk
2720,tristan,weeks,tristan.weeks@pena.com
5251,natalie,lerma,natalie.lerma@boucher.com
1797,rodney,hamon,rodney.hamon@hotmail.com
1656,adalberto,lombardo,adalberto.lombardo@sfr.fr
1346,florencia,querini,florencia.querini@gmail.com
2989,liam,rolland,liam.rolland@yahoo.fr
5629,ian,kelly,ian.kelly@reeves.com.au
3456,mehdi,todd,mehdi.todd@web.de
3229,rembrandt,liguori,rembrandt.liguori@davis.org
2277,irmi,schweitzer,irmi.schweitzer@ozuna.com
1276,gioffre,stein,gioffre.stein@hotmail.com.au
3694,frida,villarreal,frida.villarreal@hotmail.de
2260,steffen,mangold,steffen.mangold@paul.net
5374,elias,marin,elias.marin@herve.net
4420,roman,gonzalez,roman.gonzalez@anderson.net
3849,reina,middleton,reina.middleton@hotmail.com
1638,sandro,moran,sandro.moran@hotmail.de
5230,gebhard,thanel,gebhard.thanel@gmail.com
1763,antonino,bolander,antonino.bolander@gmail.com
4323,karl,trevisani,karl.trevisani@anguissola.it
5256,silvester,brookes,silvester.brookes@franco.org
4836,octavio,pratt,octavio.pratt@web.de
5981,rebecca,greer,rebecca.greer@hotmail.com
1463,pierina,gaggini,pierina.gaggini@free.fr
4577,robin,schleich,robin.schleich@rogers-barrera.biz
4951,sergio,abbott,sergio.abbott@moore.net.au
3567,gilberto,evans,gilberto.evans@salcedo-archuleta.net
5475,james,elliott,james.elliott@gmail.com
2114,timoteo,bolnbach,timoteo.bolnbach@laboratorios.com
5216,tonino,stanley,tonino.stanley@hotmail.com
1665,margaretha,murialdo,margaretha.murialdo@meunier.com
6051,bianca,drubin,bianca.drubin@libero.it
3983,kaylee,hoffmann,kaylee.hoffmann@poulain.com
2966,teresa,vecellio,teresa.vecellio@yahoo.com
4478,emine,tacchini,emine.tacchini@dbmail.com
4238,dawn,cortez,dawn.cortez@gmail.com
4404,emily,cundari,emily.cundari@clark.com.au
5666,eleanor,hall,eleanor.hall@hotmail.com
3691,monique,delgadillo,monique.delgadillo@hotmail.co.uk
2703,arnaude,warner,arnaude.warner@gmail.com
4253,jason,howell,jason.howell@gmx.de
5652,nicole,mccullough,nicole.mccullough@hall.com
3279,rosmarie,esquibel,rosmarie.esquibel@bouygtel.fr
3233,leonor,ferreira,leonor.ferreira@gmail.com
3017,brett,jones,brett.jones@alice.it
3482,nino,bien,nino.bien@gmail.com
2166,jemma,tate,jemma.tate@hotmail.de
4146,denis,rogers,denis.rogers@poste.it
2651,vanesa,khan,vanesa.khan@voila.fr
1409,victoria,ojeda,victoria.ojeda@doehn.com
3717,eugenio,martin,eugenio.martin@yahoo.de
3963,nancy,hayes,nancy.hayes@hotmail.com
2152,lara,jacob,lara.jacob@buckley.org
2974,gino,hernandez,gino.hernandez@covarrubias.com
1268,vicente,tijerina,vicente.tijerina@montanariello.com
1822,michele,brambilla,michele.brambilla@yahoo.com
5066,dana,ritacca,dana.ritacca@gmail.com
5075,mitchell,bachmann,mitchell.bachmann@suarez-cruz.com
3855,vincenza,key,vincenza.key@adams.com
5923,salvador,gaillard,salvador.gaillard@yahoo.de
1867,diane,rogner,diane.rogner@kelly.co.uk
4376,josette,laine,josette.laine@saracino-parisi.net
2785,courtney,fiebig,courtney.fiebig@doerschner.com
5884,hugues,oliver,hugues.oliver@stiffel.com
2441,espartaco,willis,espartaco.willis@hotmail.com
1243,flavia,yoder,flavia.yoder@hotmail.de
3411,casey,flores,casey.flores@baggio.org
2467,calogero,cross,calogero.cross@mercantini.it
1850,charles,begum,charles.begum@laboratorios.info
2604,adina,pollard,adina.pollard@outlook.com
1693,natasha,lara,natasha.lara@outlook.com
2969,benita,pottier,benita.pottier@sfr.fr
1544,elizabeth,valdivia,elizabeth.valdivia@gmail.com
4149,mattia,huet,mattia.huet@aol.de
3463,geza,howard,geza.howard@voila.fr
2939,lauren,guillaume,lauren.guillaume@sorgatz.org
2202,joanna,baxter,joanna.baxter@bruce-wright.com
1728,tracy,metz,tracy.metz@bryant.info
5362,birgit,pena,birgit.pena@armellini.it
4840,elvira,papafava,elvira.papafava@ifrance.com
2955,ernest,delorme,ernest.delorme@dowerg.de
5354,christy,grossi,christy.grossi@alarcon-tafoya.com
3847,hermelinda,olmos,hermelinda.olmos@portillo.com
3025,herbert,fraser,herbert.fraser@holloway.org.au
1615,giancarlo,heydrich,giancarlo.heydrich@hotmail.com
5154,constance,maldonado,constance.maldonado@spiess.net
5005,giampiero,carlier,giampiero.carlier@hotmail.com
1349,carlo,jacquot,carlo.jacquot@hotmail.com
3670,gabriel,robles,gabriel.robles@yahoo.com
2912,gerd,gunpf,gerd.gunpf@gmail.com
4336,ashley,hellwig,ashley.hellwig@libero.it
5576,patrick,rosas,patrick.rosas@yahoo.com
2736,lilla,leonard,lilla.leonard@jungfer.com
3321,tony,nicolas,tony.nicolas@morrocco-seddio.net
3353,allegra,benedetti,allegra.benedetti@miller.com
2336,camille,tafuri,camille.tafuri@aol.de
4369,juan,wheeler,juan.wheeler@gilmore.net
4464,leopoldo,johnson,leopoldo.johnson@hotmail.com.au
5626,dietmar,grenier,dietmar.grenier@tele2.it
1669,leonid,scholl,leonid.scholl@collin.com
5544,olivie,contarini,olivie.contarini@marshall-wright.biz
6078,jeffery,lacroix,jeffery.lacroix@medina.org
2580,edeltraud,chavez,edeltraud.chavez@hotmail.com.au
3592,mesut,morvan,mesut.morvan@gmail.com
4914,gregory,jackson,gregory.jackson@ortiz.com
3848,nicola,rossi,nicola.rossi@berry.org
2619,eddie,collazo,eddie.collazo@gmail.com
4605,philippe,gardner,philippe.gardner@howells-jones.net
6147,roy,fox,roy.fox@tejeda.com
1383,heiderose,garcia,heiderose.garcia@noos.fr
1757,claudine,rowley,claudine.rowley@industrias.com
4390,astrid,roht,astrid.roht@fastwebnet.it
4165,auguste,burnett,auguste.burnett@yahoo.fr
4529,pellegrino,allen,pellegrino.allen@gmail.com
6084,angela,bowers,angela.bowers@laboratorios.com
2916,michael,descamps,michael.descamps@gmail.com
2005,heidelore,kennedy,heidelore.kennedy@guinizzelli.org
2261,lucrezia,koch,lucrezia.koch@petit.com
5342,ivan,accardo,ivan.accardo@web.de
4087,karen,avogadro,karen.avogadro@yahoo.com
2761,laetitia,gallet,laetitia.gallet@aubry.org
2908,amico,gosselin,amico.gosselin@shaw.info
2155,ilaria,bowen,ilaria.bowen@hotmail.it
5642,marlen,coardi,marlen.coardi@colletti.eu
6217,rafael,alexander,rafael.alexander@jenkins.com
4222,herma,gabbana,herma.gabbana@hotmail.com
4798,zachary,vespucci,zachary.vespucci@industrias.com
5660,marisol,richard,marisol.richard@gmail.com
5000,joseph,glover,joseph.glover@laposte.net
2809,lauretta,neal,lauretta.neal@hotmail.de
3349,simone,sauvage,simone.sauvage@yahoo.com
3647,ramona,brooks,ramona.brooks@kensy.de
5745,gioele,schwital,gioele.schwital@moody.com
2583,elena,jimenez,elena.jimenez@yahoo.com.au
5441,pam,vargas,pam.vargas@guillot.net
2090,alison,morales,alison.morales@lewis.com
3386,marc,aumann,marc.aumann@holland.com
1816,carla,butler,carla.butler@yahoo.com
4718,dionigi,bruce,dionigi.bruce@industrias.com
1677,frank,henry,frank.henry@yahoo.com
4218,brent,pons,brent.pons@proyectos.net
4548,patricia,liebelt,patricia.liebelt@baca.org
1431,micheletto,sykes,micheletto.sykes@thompson-thompson.com
2830,rose,blanc,rose.blanc@grupo.com
4400,vincent,singh,vincent.singh@gmail.com
5773,jamie,peacock,jamie.peacock@interiano-nordio.com
4161,giorgia,dijoux,giorgia.dijoux@paul.com
2062,serena,piacentini,serena.piacentini@yahoo.de
3458,dimitri,posada,dimitri.posada@gmail.com
3174,alexa,barillaro,alexa.barillaro@ramos.net
5565,megan,kuhl,megan.kuhl@despacho.com
1906,kaitlyn,farinelli,kaitlyn.farinelli@outlook.com
5479,jonathan,castellitto,jonathan.castellitto@libero.it
4320,lisa,terragni,lisa.terragni@proyectos.com
4213,olivier,petrucelli,olivier.petrucelli@letta-raurica.eu
3373,jos,trobbiani,jos.trobbiani@samson.com
4184,mirjam,dawson,mirjam.dawson@yahoo.com
5472,javier,tessier,javier.tessier@mclaughlin.biz
5559,mirjana,collins,mirjana.collins@hotmail.com
5419,vanessa,tschentscher,vanessa.tschentscher@mitchell.com
4171,antonina,cobb,antonina.cobb@gibson.org
1302,bernard,durand,bernard.durand@royer.com
3520,corey,greggio,corey.greggio@johnson.org.au
6010,rodolfo,couturier,rodolfo.couturier@tim.it
4617,pierre,cardenas,pierre.cardenas@luzi-bonomo.eu
1417,romeo,surian,romeo.surian@batista.com
4770,ivo,moreno,ivo.moreno@hotmail.com
4328,federico,marie,federico.marie@jourdan.fr
5171,maggie,boito,maggie.boito@yahoo.com
4394,brianna,hanson,brianna.hanson@stanley.com
1794,heiko,bourgeois,heiko.bourgeois@togliatti.com
3510,benito,gritti,benito.gritti@gmail.com
2487,mitzy,junk,mitzy.junk@zaragoza.com
2215,samantha,lowe,samantha.lowe@praga.it
4136,ernesto,nerger,ernesto.nerger@middleton.co.uk
3723,melinda,canova,melinda.canova@orange.fr
5842,mohammad,hartung,mohammad.hartung@hotmail.com
3289,ben,maillot,ben.maillot@ramos.net
1249,isabel,pruschke,isabel.pruschke@gmail.com
5409,linda,franceschi,linda.franceschi@richards.net
2951,olivia,striebitz,olivia.striebitz@gmail.com
3432,penny,watson,penny.watson@matthews.net
2297,manfred,james,manfred.james@davies.org
6161,hazel,pierce,hazel.pierce@outlook.com
4603,alf,bates,alf.bates@dunn.com
5818,scott,gough,scott.gough@industrias.com
4270,konrad,briones,konrad.briones@fierro.com
6007,mathilde,kruschwitz,mathilde.kruschwitz@yahoo.com
4084,irma,gemito,irma.gemito@googlemail.com
1340,antoine,guyon,antoine.guyon@yahoo.com
5675,william,gibilisco,william.gibilisco@gaillard.com
2010,judith,butte,judith.butte@fischer-vaughn.info
6201,joanne,henderson,joanne.henderson@gmail.com
1791,ludovica,arellano,ludovica.arellano@morandi-argento.com
3314,catherine,gray,catherine.gray@hotmail.com
5852,franco,fioravanti,franco.fioravanti@barry-gill.com.au
4618,heather,zimmer,heather.zimmer@bluemel.de
2618,hortense,taylor,hortense.taylor@chambers.biz
4967,livia,ernst,livia.ernst@colas.fr
4594,toby,etzler,toby.etzler@industrias.com
2080,ennio,leoncavallo,ennio.leoncavallo@sanchez.org
2793,philippine,vaca,philippine.vaca@hotmail.com
4890,rhonda,phillips,rhonda.phillips@yahoo.com
3528,alphonse,nitto,alphonse.nitto@voila.fr
5810,karina,arreola,karina.arreola@yahoo.com.au
5720,denise,wood,denise.wood@mantegna.com
4593,burghard,rosenow,burghard.rosenow@hotmail.com
3186,friedl,powell,friedl.powell@laposte.net
5136,benjamin,schultz,benjamin.schultz@rivero-davila.com
2646,rachel,ulibarri,rachel.ulibarri@schueler.com
3460,silvano,blanchet,silvano.blanchet@yahoo.com
4345,kurt,sauer,kurt.sauer@almanza.biz
2690,nayeli,gehringer,nayeli.gehringer@hotmail.com
4025,imelda,guerin,imelda.guerin@stumpf.net
4524,zbigniew,holmes,zbigniew.holmes@stiffel.net
3978,adela,alfonsi,adela.alfonsi@despacho.com
3910,hilary,clark,hilary.clark@libero.it
5825,kornelius,molina,kornelius.molina@heuser.com
3564,christian,anderson,christian.anderson@tim.it
2396,francisco,dorsey,francisco.dorsey@tiscali.fr
2140,walli,albert,walli.albert@dussen.com
3079,siegrun,mota,siegrun.mota@matthews-montoya.org.au
2017,alberico,herve,alberico.herve@beer.net
5444,serafina,bonnin,serafina.bonnin@mendes.com
2216,marcelle,bender,marcelle.bender@edwards-robinson.info
1241,hartmuth,robertson,hartmuth.robertson@thomas.edu.au
1484,herlinde,george,herlinde.george@free.fr
3475,pamela,payne,pamela.payne@yahoo.com
4333,gastone,beyer,gastone.beyer@stewart-sanchez.edu
5657,lydia,berengario,lydia.berengario@aol.de
2527,lucy,davidson,lucy.davidson@tele2.it
5967,franck,wade,franck.wade@gute.org
5698,heidi,barker,heidi.barker@gmail.com
3331,arnaldo,ocasio,arnaldo.ocasio@hotmail.com
3841,francis,bernier,francis.bernier@rodriguez.com
6105,johanne,strong,johanne.strong@yahoo.de
3895,debra,langlois,debra.langlois@schmiedecke.com
1891,reingard,kambs,reingard.kambs@sagese.eu
1281,mauro,ortiz,mauro.ortiz@oquendo.net
4186,griselda,carranza,griselda.carranza@krause.de
2511,janet,madrigal,janet.madrigal@gmail.com
4272,jenna,day,jenna.day@reed.com
3533,modesto,wright,modesto.wright@pareto.com
3618,alice,wall,alice.wall@zaccardo.it
2177,brenda,sontag,brenda.sontag@solari.com
4102,sergius,mace,sergius.mace@palazzo.com
6089,antonia,kline,antonia.kline@gmail.com
4701,maurice,gumprich,maurice.gumprich@griffin.net.au
5645,daniel,anders,daniel.anders@yahoo.com
4499,zaira,cattaneo,zaira.cattaneo@yahoo.com
3365,alessio,bruneau,alessio.bruneau@hotmail.co.uk
2290,gerdi,guerrero,gerdi.guerrero@tele2.fr
1890,brigitte,stiebitz,brigitte.stiebitz@gmail.com
1304,june,sinisi,june.sinisi@manzoni-giannini.it
3799,carl,macias,carl.macias@yahoo.com
2749,veronica,trapp,veronica.trapp@tiscali.it
2028,frances,garnier,frances.garnier@aporti-guidotti.org
2383,terri,iannelli,terri.iannelli@hotmail.com
5721,odette,moore,odette.moore@hall.edu
1394,mercedes,trujillo,mercedes.trujillo@aol.de
3451,babette,dumas,babette.dumas@brady.net
5512,jerry,santiago,jerry.santiago@soprano-ferragni.it
2453,ronald,simpson,ronald.simpson@ovadia.net
6055,emmanuel,dominguez,emmanuel.dominguez@gmail.com
5704,christiane,ricciardi,christiane.ricciardi@zavala.com
3707,ingolf,zamora,ingolf.zamora@yahoo.com.au
2205,rita,sharp,rita.sharp@beard-scott.edu.au
5976,geraldine,cabrera,geraldine.cabrera@green-smith.info
3290,chantal,armas,chantal.armas@jenkins.net
4257,louis,gilbert,louis.gilbert@gmail.com
4588,michelle,collier,michelle.collier@peruzzi.it
4785,guillermina,nicholson,guillermina.nicholson@grondin.fr
3033,bertrand,hopkins,bertrand.hopkins@gmail.com
2779,alonso,palomo,alonso.palomo@gehringer.de
2131,tina,rodriguez,tina.rodriguez@web.de
6229,eva,francis,eva.francis@parker.org
3429,ottavio,rust,ottavio.rust@crespi.com
1613,amelia,olvera,amelia.olvera@hotmail.com
4734,paul,palladio,paul.palladio@mclaughlin.net.au
4439,bernardo,wieloch,bernardo.wieloch@budig.com
1441,umberto,hicks,umberto.hicks@hill.com
5799,janko,bishop,janko.bishop@tim.it
1419,jessika,meunier,jessika.meunier@gmx.de
3059,isaac,benard,isaac.benard@googlemail.com
3224,alexandrie,lambert,alexandrie.lambert@yahoo.com
3181,roberto,guyot,roberto.guyot@bennett.com
6061,giulietta,lucas,giulietta.lucas@club.com
4466,damaris,pininfarina,damaris.pininfarina@gmail.com
6081,fabrizia,renard,fabrizia.renard@higgins-marks.com
2159,camillo,dehmel,camillo.dehmel@brown-campbell.com
3324,ruggero,parpinel,ruggero.parpinel@gmail.com
3176,stephen,pratesi,stephen.pratesi@hotmail.com
5874,ludger,naccari,ludger.naccari@ingram.biz
5110,meryem,tapia,meryem.tapia@yahoo.com
5490,jasmine,juvara,jasmine.juvara@yahoo.com.au
1922,victoire,travaglia,victoire.travaglia@zacchia.com
4398,adrian,noel,adrian.noel@perrin.com
4754,marvin,howe,marvin.howe@gmail.com
3309,hanne,kidd,hanne.kidd@yahoo.com
1244,donatello,millet,donatello.millet@fritsch.net
2892,eloisa,pascarella,eloisa.pascarella@gmail.com
2777,erica,zambrano,erica.zambrano@gmail.com
4952,paula,canales,paula.canales@gilmore-guerrero.com
5144,claudia,bernard,claudia.bernard@mazzanti.it
5487,paulina,miller,paulina.miller@lewis-barker.com
1932,kathrin,godfrey,kathrin.godfrey@tele2.fr
3364,pina,passalacqua,pina.passalacqua@yahoo.co.uk
5165,julien,miles,julien.miles@stevens-rose.com
3858,suzanne,benigni,suzanne.benigni@mennea-morlacchi.com
4666,annalisa,pugh,annalisa.pugh@hotmail.fr
2896,mathew,maestas,mathew.maestas@casas-garrido.com
4520,laszlo,vallee,laszlo.vallee@verdier.com
5726,helen,polanco,helen.polanco@hotmail.com
5661,mateo,sorrentino,mateo.sorrentino@calderon.com
4765,eric,barnes,eric.barnes@barrett-winter.com
3710,dragica,west,dragica.west@yahoo.com.au
4925,antje,voisin,antje.voisin@gmail.com
1533,stanley,mills,stanley.mills@parker-lee.biz
5264,brandy,meraz,brandy.meraz@yahoo.com
4606,conor,reinhardt,conor.reinhardt@yahoo.com.au
2043,gabino,blot,gabino.blot@lewis-russell.org
3871,alvaro,lemus,alvaro.lemus@yahoo.com
6205,patrizia,wilms,patrizia.wilms@dbmail.com
3193,metin,coulon,metin.coulon@ashley.com
1810,reece,valencia,reece.valencia@laboy-palomo.com
4797,troy,schmiedecke,troy.schmiedecke@picard.com
1487,wendy,bustos,wendy.bustos@libero.it
3474,guglielmo,caldwell,guglielmo.caldwell@loeffler.com
5771,travis,cowan,travis.cowan@turner.info
6074,brandi,abbagnale,brandi.abbagnale@tele2.fr
1568,hanno,gollum,hanno.gollum@smith.com
4263,jutta,burke,jutta.burke@elliott.com
5850,dorothe,paz,dorothe.paz@fiebig.de
5619,desiree,huerta,desiree.huerta@morris.com
1904,ilse,bray,ilse.bray@venturi.it
5388,pierpaolo,scaduto,pierpaolo.scaduto@sanders-gibson.com.au
2150,amedeo,bradford,amedeo.bradford@yahoo.com
2653,julia,ali,julia.ali@yahoo.com
2687,catalina,pizzetti,catalina.pizzetti@tim.it
3779,dylan,porzio,dylan.porzio@yahoo.de
1494,iris,trincavelli,iris.trincavelli@tiscali.fr
4129,johnathan,guidotti,johnathan.guidotti@cox-sanchez.net
3035,walburga,vollbrecht,walburga.vollbrecht@aol.de
2069,kendra,david,kendra.david@allan-morton.com
5469,aleksandr,weiss,aleksandr.weiss@blanc.org
3903,cornelio,guardado,cornelio.guardado@gmail.com
4083,ferdi,blackburn,ferdi.blackburn@christensen.net
4003,bill,gallagher,bill.gallagher@green.com
3565,leonard,harvey,leonard.harvey@hotmail.com
1640,milan,montenegro,milan.montenegro@langern.com
4769,philip,perez,philip.perez@hotmail.co.uk
3398,kathryn,hentschel,kathryn.hentschel@shaw.com
1865,xavier,samson,xavier.samson@baggio.it
5690,hartwig,roberts,hartwig.roberts@saraceno.net
3814,kimberly,chan,kimberly.chan@gmail.com
2942,lorraine,crawford,lorraine.crawford@gmail.com
5095,maximiliano,knowles,maximiliano.knowles@gmail.com
2878,gabriella,avila,gabriella.avila@gmail.com
3697,rico,mortati,rico.mortati@faivre.fr
4744,gail,petrocelli,gail.petrocelli@yahoo.com
2104,liberto,niemeier,liberto.niemeier@germano-dibiasi.it
4883,luciana,petitjean,luciana.petitjean@patterson-cole.biz
4807,ron,cavazos,ron.cavazos@yahoo.com
1372,aldo,cibin,aldo.cibin@gmx.de
3666,alexandre,serrano,alexandre.serrano@yahoo.co.uk
2066,lori,fagotto,lori.fagotto@hill-anderson.com
1834,perla,figueroa,perla.figueroa@live.com
5853,reginald,hughes,reginald.hughes@gmail.com
2219,uriel,holt,uriel.holt@gmail.com
4148,stefano,lemonnier,stefano.lemonnier@binner.com
4477,madeleine,cooper,madeleine.cooper@poste.it
1786,alban,barbier,alban.barbier@ortiz.org
3455,alfonso,finetti,alfonso.finetti@quiroz.com
5707,ryan,kim,ryan.kim@noos.fr
5470,augustin,wohlgemut,augustin.wohlgemut@watson.info
3274,rolando,bibi,rolando.bibi@tin.it
4613,berthold,randall,berthold.randall@mcdonald.com
4465,genaro,briand,genaro.briand@sfr.fr
1652,rudolf,jenkins,rudolf.jenkins@hotmail.com
2100,pauline,ackermann,pauline.ackermann@arredondo-roque.com
4321,folker,swanson,folker.swanson@rodrigues.fr
4168,ashleigh,montez,ashleigh.montez@perry-schneider.com
3733,liliana,barber,liliana.barber@libero.it
2594,caridad,carr,caridad.carr@huhn.com
3909,lolita,borrego,lolita.borrego@gmail.com
5179,gunar,patrick,gunar.patrick@leroy.com
2228,leokadia,verdier,leokadia.verdier@hotmail.com.au
6222,hanna,reid,hanna.reid@salas.org
2354,edelgard,kreusel,edelgard.kreusel@hotmail.com
1725,svenja,perrin,svenja.perrin@berger.com
2960,pierluigi,taccola,pierluigi.taccola@gmx.de
2077,cilli,watts,cilli.watts@yahoo.com
5662,emiliano,wells,emiliano.wells@gmx.de
3481,april,davids,april.davids@fisher.info
2565,dolores,didier,dolores.didier@yahoo.com.au
4436,sylvia,bonomo,sylvia.bonomo@poulain.com
5072,nelly,marsh,nelly.marsh@hotmail.it
5200,beth,miniati,beth.miniati@hudson.net
4502,renee,merino,renee.merino@gmail.com
4945,hailey,russell,hailey.russell@jourdan.org
3012,raphaela,gotthard,raphaela.gotthard@outlook.com
6094,pomponio,comencini,pomponio.comencini@hotmail.co.uk
3815,leone,richardson,leone.richardson@yahoo.com
4838,valentine,acosta,valentine.acosta@peters.net
3469,ricciotti,laureano,ricciotti.laureano@parsons.com
4874,jacques,heidrich,jacques.heidrich@zamudio-chapa.com
1792,anne,snow,anne.snow@gmail.com
4356,sonia,volta,sonia.volta@gmx.de
6196,dale,leblanc,dale.leblanc@stewart.com
3578,alejandro,cruz,alejandro.cruz@hotmail.com
4491,elsa,cugia,elsa.cugia@yahoo.com
3054,geronimo,pechel,geronimo.pechel@hotmail.com
1968,melania,klemm,melania.klemm@seidel.com
5869,katherine,cooley,katherine.cooley@yahoo.com
5858,guillermo,larsen,guillermo.larsen@yahoo.com
5203,jill,barrios,jill.barrios@gmail.com
2577,austin,musatti,austin.musatti@tin.it
3216,jacinto,rose,jacinto.rose@yahoo.com
2037,lucie,redi,lucie.redi@googlemail.com
3867,tania,chapman,tania.chapman@remy.com
5109,alexandria,best,alexandria.best@yahoo.co.uk
1376,edward,scott,edward.scott@yahoo.com
5260,jake,wiley,jake.wiley@outlook.com
2350,claudio,reuter,claudio.reuter@morgan-collins.org.au
2269,laure,traetta,laure.traetta@kay-perkins.co.uk
3650,magarete,valentin,magarete.valentin@yahoo.com
3934,paige,hill,paige.hill@jones.org.au
4048,fulvio,curiel,fulvio.curiel@reynolds.com
4266,thibaut,camarillo,thibaut.camarillo@hotmail.com
3863,romana,blanchard,romana.blanchard@googlemail.com
4922,thibault,savorgnan,thibault.savorgnan@butler.biz
4517,alexander,pausini,alexander.pausini@gonzalez.info
3259,pierangelo,scholtz,pierangelo.scholtz@lefevre.com
3123,emmanuelle,keller,emmanuelle.keller@morton-clarke.com
3870,isabella,deleon,isabella.deleon@web.de
2996,timothy,weitzel,timothy.weitzel@gmail.com
2993,alfredo,ingram,alfredo.ingram@hotmail.com
4556,francesca,kade,francesca.kade@luna-rael.org
2326,tonia,coleman,tonia.coleman@hotmail.com
4109,gottfried,barbe,gottfried.barbe@hotmail.com
5739,jeffrey,trommler,jeffrey.trommler@yahoo.com
5887,giacobbe,owens,giacobbe.owens@huet.fr
1651,conchita,pagliaro,conchita.pagliaro@googlemail.com
1628,kevin,delahaye,kevin.delahaye@ellis-wilson.com
2642,rouven,ovadia,rouven.ovadia@gmail.com
6020,piermaria,laporte,piermaria.laporte@wesack.com
4747,karolin,johann,karolin.johann@hotmail.com
5534,steven,folliero,steven.folliero@noos.fr
4790,livio,rosselli,livio.rosselli@green.co.uk
4632,gaetano,leonardi,gaetano.leonardi@despacho.com
1952,cynthia,robinson,cynthia.robinson@gilles.net
4388,eleni,aponte,eleni.aponte@club-internet.fr
5529,noelia,romo,noelia.romo@yahoo.com
1316,evelyn,haynes,evelyn.haynes@clark.info
1670,katharine,zaccagnini,katharine.zaccagnini@hotmail.com
4909,lea,merle,lea.merle@stey.de
3401,marta,huynh,marta.huynh@hernandez.info
4619,amador,riley,amador.riley@hotmail.com
4722,julie,coles,julie.coles@hotmail.fr
2188,beverley,telesio,beverley.telesio@regnier.fr
5497,corinne,mitschke,corinne.mitschke@hauffer.net
5711,valerie,ortega,valerie.ortega@tele2.it
4076,carlos,delle,carlos.delle@hicks.com
1847,christina,besnard,christina.besnard@delorme.com
2816,rosario,jacques,rosario.jacques@yahoo.com
5019,celal,fischer,celal.fischer@aol.de
4869,leonardo,guzman,leonardo.guzman@andreozzi-abba.com
3613,clinton,mason,clinton.mason@yahoo.com
3069,loretta,mallet,loretta.mallet@sansoni-toscani.it
2601,lorenzo,roero,lorenzo.roero@hotmail.co.uk
2133,lando,gutierrez,lando.gutierrez@heser.com
3164,elaine,patterson,elaine.patterson@rose-morris.org
3897,marcella,govoni,marcella.govoni@barkholz.net
5663,ettore,amaldi,ettore.amaldi@germain.com
3879,rufino,gallegos,rufino.gallegos@webster-newton.co.uk
5900,georges,richards,georges.richards@macdonald.com
2272,janice,infantino,janice.infantino@hotmail.com
5436,svetlana,montanariello,svetlana.montanariello@putz.de
3676,agnolo,cedillo,agnolo.cedillo@laboratorios.biz
4676,hannah,jockel,hannah.jockel@ceravolo-tonisto.eu
1563,yvonne,stout,yvonne.stout@sims.edu
4349,anouk,pace,anouk.pace@gmail.com
1658,esteban,valdez,esteban.valdez@hotmail.com
2552,angelina,davies,angelina.davies@hotmail.com
4847,anastasie,cadena,anastasie.cadena@live.com
1553,hansjoachim,lettiere,hansjoachim.lettiere@hall-mcdaniel.net
2632,yeni,tejada,yeni.tejada@olson.edu.au
1908,dulce,adinolfi,dulce.adinolfi@hotmail.com
5801,sean,mielcarek,sean.mielcarek@gmail.com
1935,omar,fonseca,omar.fonseca@grupo.org
2609,henry,gucci,henry.gucci@leleu.fr
2740,samira,bottaro,samira.bottaro@vasseur.fr
1907,korinna,arnold,korinna.arnold@zapata-saenz.biz
1831,marcela,ferrante,marcela.ferrante@gmx.de
5177,douglas,amaya,douglas.amaya@favata-brenna.net
6179,katherina,barrientos,katherina.barrientos@trobbiani.eu
2917,brittany,tran,brittany.tran@tele2.it
1486,caroline,reeves,caroline.reeves@yahoo.com
3735,joe,michaud,joe.michaud@yahoo.fr
3838,marco,vittadello,marco.vittadello@gmail.com
2430,kim,webb,kim.webb@yahoo.com.au
2480,eugenia,zichichi,eugenia.zichichi@yahoo.com
3431,aurore,rosemann,aurore.rosemann@leoncavallo-rusticucci.com
1742,giustino,luzi,giustino.luzi@rolland.fr
4628,anita,galindo,anita.galindo@gmail.com
2385,gunhild,carrillo,gunhild.carrillo@elliott-gilbert.org
2213,rosa,paul,rosa.paul@bien.com
5188,marliese,oneal,marliese.oneal@gmail.com
3418,bethany,hartmann,bethany.hartmann@yahoo.com
5637,irina,martineau,irina.martineau@gmail.com
3530,beatriz,moulin,beatriz.moulin@pinto.com
3731,lucas,austin,lucas.austin@gmail.com
3219,carole,nohlmans,carole.nohlmans@yahoo.com
2392,bozena,schmitt,bozena.schmitt@vallet.com
5103,aimee,foconi,aimee.foconi@outlook.com
3992,marzena,carrero,marzena.carrero@roskoth.de
2442,raisa,poulain,raisa.poulain@fastwebnet.it
2913,marcantonio,bennett,marcantonio.bennett@hopkins.com.au
1631,kenneth,hurst,kenneth.hurst@meunier.net
4073,marisela,mende,marisela.mende@godoy-enriquez.com
4568,blanka,villareal,blanka.villareal@monduzzi.net
1830,tomislav,stoppani,tomislav.stoppani@corporacin.org
2623,krystal,ammaniti,krystal.ammaniti@barbier.fr
4327,deanna,aporti,deanna.aporti@bouygtel.fr
3713,donatella,burns,donatella.burns@yahoo.de
2389,margrit,hooper,margrit.hooper@douglas.com
5141,baccio,marcacci,baccio.marcacci@laposte.net
3522,alfio,roman,alfio.roman@hotmail.co.uk
1334,soledad,soto,soledad.soto@hotmail.de
4721,josh,cimarosa,josh.cimarosa@hotmail.com
3768,nath,rico,nath.rico@yahoo.com
1639,gary,armani,gary.armani@web.de
5149,miriam,oquendo,miriam.oquendo@smith-watson.biz
2153,monica,mohaupt,monica.mohaupt@live.com
2767,alec,ho,alec.ho@parra-esparza.com
5124,harry,fouquet,harry.fouquet@ibarra-cooper.com
2097,arcelia,babati,arcelia.babati@orange.fr
4796,trinidad,vespa,trinidad.vespa@gmail.com
5849,colette,ryan,colette.ryan@hotmail.com
1495,richard,andre,richard.andre@porras.org
2462,ellinor,leclercq,ellinor.leclercq@gmail.com
2280,patricio,guillon,patricio.guillon@web.de
1877,kirsten,chindamo,kirsten.chindamo@carrillo-wall.com
6108,leo,petruzzi,leo.petruzzi@yahoo.com
4427,margot,tomaselli,margot.tomaselli@junck.org
2881,ansaldo,marks,ansaldo.marks@patel-odonnell.com
2339,regina,morin,regina.morin@barcaccia.net
5156,karla,medici,karla.medici@yahoo.com
4750,morgan,irizarry,morgan.irizarry@williams-harris.biz
4852,natividad,wong,natividad.wong@hoevel.com
5734,anna,freeman,anna.freeman@snyder.net
3801,emilia,vivaldi,emilia.vivaldi@garnier.fr
4474,gerda,cook,gerda.cook@tin.it
1992,andrey,faure,andrey.faure@frederick-mitchell.info
5796,charlotte,duke,charlotte.duke@ochoa.org
1373,cindy,castillo,cindy.castillo@virgilio.it
1879,hiltrud,thibault,hiltrud.thibault@barbe.com
3072,kasimir,jaime,kasimir.jaime@gmail.com
4561,sabine,lachmann,sabine.lachmann@phillips.org
5201,andrea,arroyo,andrea.arroyo@yahoo.com.au
5871,matthew,velasquez,matthew.velasquez@gmail.com
3041,severino,linares,severino.linares@angeli.com
5864,swantje,lomeli,swantje.lomeli@gmx.de
3999,marcus,espino,marcus.espino@comolli.eu
4849,allen,gates,allen.gates@gmail.com
5461,mauricio,saunders,mauricio.saunders@hotmail.co.uk
5946,gilbert,cornejo,gilbert.cornejo@hotmail.com
4508,letizia,gulotta,letizia.gulotta@howard.biz
5096,etta,gutknecht,etta.gutknecht@leconte.net
5443,shelley,perry,shelley.perry@gierschner.de
2165,geoffrey,williams,geoffrey.williams@poste.it
2125,cory,stewart,cory.stewart@voila.fr
6141,kristy,bartlett,kristy.bartlett@outlook.com
5245,gianluca,beck,gianluca.beck@green.biz
2190,guido,krein,guido.krein@gmail.com
2243,leif,monnier,leif.monnier@querini.it
3336,jonas,badoer,jonas.badoer@kennedy.biz
3305,devin,ebert,devin.ebert@yahoo.fr
6191,slobodan,camiscione,slobodan.camiscione@hotmail.com
1326,volkmar,gauthier,volkmar.gauthier@hotmail.com
6159,jordan,rowe,jordan.rowe@outlook.com
2003,manon,daugherty,manon.daugherty@segre.com
5881,estela,segovia,estela.segovia@vodafone.it
1918,giada,celentano,giada.celentano@evans.net
2157,clayton,salcedo,clayton.salcedo@hotmail.co.uk
3149,raven,pinto,raven.pinto@hotmail.com
2444,lewis,lewis,lewis.lewis@pisano.net
6207,rochus,rousseau,rochus.rousseau@nguyen.com
5580,belinda,gamez,belinda.gamez@leleu.com
5942,angelo,lozano,angelo.lozano@macias.com
1592,jorge,monti,jorge.monti@clement.fr
2344,ricky,harrell,ricky.harrell@martin.edu
5995,adriano,wulf,adriano.wulf@schmidtke.net
5022,pompeo,bourdon,pompeo.bourdon@gmail.com
5991,kristie,garrett,kristie.garrett@wernecke.com
4020,lodovico,conley,lodovico.conley@yahoo.com
6028,jean,berthelot,jean.berthelot@oscuro.it
2790,tadeusz,medina,tadeusz.medina@jackson-clark.net
4033,ruby,carriera,ruby.carriera@hotmail.it
1261,theres,antonioni,theres.antonioni@hotmail.com
1979,gloria,morton,gloria.morton@outlook.com
2122,graziano,jensen,graziano.jensen@gmail.com
4506,gianpaolo,massey,gianpaolo.massey@bouvier.com
3016,alain,farmer,alain.farmer@hotmail.it
3272,renato,murillo,renato.murillo@club.com
1375,edda,ferraris,edda.ferraris@libero.it
4014,luce,marty,luce.marty@waehner.org
3199,rotraud,mitchell,rotraud.mitchell@laboratorios.com
2184,israel,watkins,israel.watkins@hotmail.com
2170,nathan,jennings,nathan.jennings@kim.com
1478,gavin,proietti,gavin.proietti@gmx.de
6163,emma,rios,emma.rios@yahoo.com.au
1889,todd,douglas,todd.douglas@web.de
5912,oscar,holsten,oscar.holsten@yahoo.com
2537,ann,peron,ann.peron@grupo.biz
2118,senta,grassi,senta.grassi@hotmail.com
3234,kata,mena,kata.mena@gmail.com
3842,gianfranco,hethur,gianfranco.hethur@stewart-lee.com.au
3032,florentine,saraceno,florentine.saraceno@gmail.com
3238,giuliano,bolzmann,giuliano.bolzmann@pacillo.it
2059,alwine,kostolzin,alwine.kostolzin@holloway.com
5238,giacinto,briggs,giacinto.briggs@yahoo.co.uk
2578,holly,negrete,holly.negrete@hotmail.com
4789,mark,trapanese,mark.trapanese@gmail.com
2357,alyssa,brun,alyssa.brun@chittolini-spadafora.it
1235,cristina,chevalier,cristina.chevalier@proyectos.com
3558,shannon,lefevre,shannon.lefevre@gmail.com
1707,logan,hornich,logan.hornich@tin.it
2842,rosalia,toro,rosalia.toro@free.fr
5318,reiner,poerio,reiner.poerio@yahoo.com
1620,valentina,pages,valentina.pages@hotmail.de
4998,enrico,fabre,enrico.fabre@gmail.com
3111,sevim,begue,sevim.begue@yahoo.com.au
1424,sonja,patberg,sonja.patberg@hotmail.com
3244,christine,hiller,christine.hiller@yahoo.com
4643,maik,beasley,maik.beasley@harper-brooks.biz
6132,elliot,santana,elliot.santana@gmx.de
3790,eloy,renzi,eloy.renzi@gmail.com
1312,wolf,lutz,wolf.lutz@nichols-jackson.com.au
5686,giuseppe,lee,giuseppe.lee@mahe.org
2111,angelica,cuellar,angelica.cuellar@zaguri-bellucci.net
5685,bekir,normand,bekir.normand@yahoo.de
1905,carmine,gonzales,carmine.gonzales@schleich.net
3271,marianne,hubert,marianne.hubert@hotmail.com
4178,gonzalo,montes,gonzalo.montes@hotmail.com
3275,shelly,guichard,shelly.guichard@gmail.com
5713,tobias,carbajal,tobias.carbajal@live.com
3339,santiago,berry,santiago.berry@aol.de
5585,emilio,davenport,emilio.davenport@zamora-russo.net
4407,maurizio,gute,maurizio.gute@knight.info
1941,nadia,travaglio,nadia.travaglio@colletti-broggini.com
4690,elisa,barkholz,elisa.barkholz@sfr.fr
3607,cristal,mazzini,cristal.mazzini@gmail.com
2670,trevor,granados,trevor.granados@gmail.com
5261,matthieu,mcdonald,matthieu.mcdonald@morrison.org
4121,juliette,preston,juliette.preston@gmail.com
4620,stanislaw,montalvo,stanislaw.montalvo@mcpherson-hughes.info
4630,lilia,lollobrigida,lilia.lollobrigida@le.com
3440,brigitta,shaw,brigitta.shaw@hotmail.co.uk
3572,rebeca,frey,rebeca.frey@gerard.fr
5306,nicolas,palacios,nicolas.palacios@meraz.com
5122,susanna,bonneau,susanna.bonneau@klingelhoefer.de
1368,romina,valentine,romina.valentine@hotmail.com
5370,erika,toussaint,erika.toussaint@sfr.fr
5636,lothar,laurent,lothar.laurent@garcia.com.au
6033,chelsea,verdugo,chelsea.verdugo@campbell.com
3599,ria,venier,ria.venier@murillo-estevez.com
5566,carly,summers,carly.summers@yahoo.co.uk
1873,pasquale,tomasini,pasquale.tomasini@hotmail.co.uk
3904,stefani,ughi,stefani.ughi@hotmail.it
4453,jose,huang,jose.huang@gmx.de
5481,petros,gaona,petros.gaona@googlemail.com
2987,maximilian,siering,maximilian.siering@gaito-fornaciari.org
2431,ermenegildo,holzapfel,ermenegildo.holzapfel@aol.de
4158,damien,leger,damien.leger@dixon.biz
3753,zeferino,barrera,zeferino.barrera@zedillo-velazquez.com
4391,alfred,pohl,alfred.pohl@fechner.net
2026,marissa,gaito,marissa.gaito@reed-campbell.edu
4547,ariana,houston,ariana.houston@hotmail.it
2798,victor,jacobs,victor.jacobs@young.com
4732,henriette,lang,henriette.lang@mimun.it
5126,wilfriede,baca,wilfriede.baca@caraballo.com
5151,lucia,riviere,lucia.riviere@samaniego.biz
2134,gordon,vigorelli,gordon.vigorelli@solano.com
5786,diethard,salgado,diethard.salgado@gmail.com
5515,sue,corrales,sue.corrales@cardenas-serna.org
4530,arthur,salazar,arthur.salazar@yahoo.com.au
4088,fortunata,schneider,fortunata.schneider@tiscali.it
3667,gretchen,serna,gretchen.serna@pichon.org
3286,egon,caron,egon.caron@hotmail.com
4804,roberta,finzi,roberta.finzi@knight-davies.co.uk
5768,editha,savage,editha.savage@davies.co.uk
6098,allan,emanuelli,allan.emanuelli@fernandes.org
2508,laurence,lucero,laurence.lucero@martin.org
5779,istvan,draghi,istvan.draghi@ifrance.com
1717,luigi,bonnet,luigi.bonnet@carriera-federico.it
3368,yuridia,fantozzi,yuridia.fantozzi@mcdonald.com
4265,eraldo,schmiedt,eraldo.schmiedt@hotmail.de
4455,antoinette,cox,antoinette.cox@bustamante.com
2940,cameron,ocampo,cameron.ocampo@hotmail.com.au
6144,lynn,lawson,lynn.lawson@leclercq.com
3657,natalia,seifert,natalia.seifert@ifrance.com
1537,nuray,anguillara,nuray.anguillara@yahoo.co.uk
2116,beate,morgan,beate.morgan@gmail.com
5102,mario,rees,mario.rees@gmx.de
5815,galasso,junken,galasso.junken@yahoo.co.uk
4250,luca,moses,luca.moses@franke.de
4533,aurelio,gertz,aurelio.gertz@hewitt.net
3329,uberto,steele,uberto.steele@outlook.com
3606,annie,hunter,annie.hunter@allen.co.uk
4749,jo,mccarty,jo.mccarty@hotmail.com
2222,eitel,lombard,eitel.lombard@thomas.net
1939,susan,vigliotti,susan.vigliotti@yahoo.co.uk
2456,jacqueline,germano,jacqueline.germano@valette.fr
2794,fidel,ruppert,fidel.ruppert@yahoo.co.uk
2648,margaret,eigenwillig,margaret.eigenwillig@yahoo.com
2545,yvette,harding,yvette.harding@yahoo.co.uk
3273,federigo,karge,federigo.karge@bohlander.com
6155,guenther,armenta,guenther.armenta@free.fr
6064,coriolano,higgins,coriolano.higgins@murphy.org.au
1729,felix,rubio,felix.rubio@ebert.de
4969,melanie,leveque,melanie.leveque@fleury.net
3402,abbie,galeati,abbie.galeati@ubaldi.it
2810,vittorio,caccioppoli,vittorio.caccioppoli@yahoo.com
2217,biagio,valenzuela,biagio.valenzuela@robinson.info
5140,dario,green,dario.green@live.com
4497,alwina,textor,alwina.textor@poste.it
5100,diether,baeza,diether.baeza@grupo.biz
3390,sole,trevino,sole.trevino@hotmail.com
1926,darren,bernardi,darren.bernardi@brooks-martin.com
3264,martina,heser,martina.heser@morellato.it
2573,bethan,giacometti,bethan.giacometti@gmail.com
3628,ethan,duhamel,ethan.duhamel@sfr.fr
3826,corrado,warren,corrado.warren@hotmail.com.au
5983,damian,pulido,damian.pulido@yahoo.de
5678,dino,osborne,dino.osborne@despacho.com
2093,nicolaus,bernetti,nicolaus.bernetti@aol.de
5333,gianna,carroll,gianna.carroll@perez.com
5139,grit,knight,grit.knight@web.de
3173,erin,weinhold,erin.weinhold@hotmail.fr
3333,craig,jordan,craig.jordan@gmail.com
2262,homero,respighi,homero.respighi@gmail.com
1531,fanny,pertile,fanny.pertile@gmail.com
4881,fridolin,comboni,fridolin.comboni@graf.com
3928,hugh,cantu,hugh.cantu@libero.it
1803,alphons,simmons,alphons.simmons@hotmail.com
2321,ludovico,cafarchia,ludovico.cafarchia@gmail.com
6234,nico,kaiser,nico.kaiser@almonte.com
1422,kirsty,lamy,kirsty.lamy@alonzi.it
2660,joshua,scheibe,joshua.scheibe@turci.org
5361,carin,pineau,carin.pineau@yahoo.com
3420,ellie,galarza,ellie.galarza@pareto-cattaneo.net
4337,marion,lira,marion.lira@ifrance.com
2338,aurelia,angiolello,aurelia.angiolello@lord.com
4140,maura,ravaglioli,maura.ravaglioli@yahoo.com
2373,brunhilde,fletcher,brunhilde.fletcher@schomber.de
1344,ottfried,marques,ottfried.marques@tyler-watson.info
2141,christelle,blasi,christelle.blasi@morris-chan.com
3415,augusto,vercelloni,augusto.vercelloni@club-internet.fr
5696,michela,pruvost,michela.pruvost@holt.co.uk
1798,guarino,escalante,guarino.escalante@hotmail.com
1657,gabriela,padilla,gabriela.padilla@pearson-russell.com
3651,agathe,dias,agathe.dias@jackson.com
3574,werner,kallert,werner.kallert@gmail.com
6063,lore,delaunay,lore.delaunay@yahoo.com
2404,enzio,campos,enzio.campos@tim.it
2705,walther,duarte,walther.duarte@web.de
5059,adelgunde,trevisan,adelgunde.trevisan@gmail.com
5466,thierry,schwartz,thierry.schwartz@travaglio.net
5821,katie,andersen,katie.andersen@haney.com.au
5385,kathy,zamorani,kathy.zamorani@hotmail.com
3506,giuseppina,tanguy,giuseppina.tanguy@wanadoo.fr
5427,jack,klapp,jack.klapp@hotmail.com.au
6142,tom,leconte,tom.leconte@woods-johnson.com
2873,bonnie,cignaroli,bonnie.cignaroli@yahoo.com
3916,danny,farrell,danny.farrell@hotmail.com
1687,fiorenzo,bauer,fiorenzo.bauer@gmail.com
1542,randy,alfieri,randy.alfieri@verri.org
3087,tim,bradley,tim.bradley@schlosser.de
3857,yves,mendez,yves.mendez@gmail.com
5921,raffaella,esquivel,raffaella.esquivel@gmail.com
3144,lawrence,vasari,lawrence.vasari@castillo.edu
2676,sam,adams,sam.adams@yahoo.com
3646,mirco,nicolini,mirco.nicolini@blin.net
1321,graham,bajardi,graham.bajardi@yahoo.com
1399,luc,quinn,luc.quinn@walker.com
3169,stella,ullrich,stella.ullrich@hotmail.com.au
2058,calcedonio,remy,calcedonio.remy@edwards-benton.com
1300,nanni,almaraz,nanni.almaraz@martin.com
2075,pascual,corradi,pascual.corradi@lopez.net.au
2984,kristi,grant,kristi.grant@yahoo.co.uk
4768,manuel,gracia,manuel.gracia@trussardi.eu
3682,gionata,hussain,gionata.hussain@yahoo.com
5901,maria,nguyen,maria.nguyen@hernadez.com
3540,leon,baker,leon.baker@hotmail.com
2225,gianmarco,alcaraz,gianmarco.alcaraz@zacchia.net
1485,derrick,little,derrick.little@small.org
5343,terry,ramirez,terry.ramirez@hotmail.co.uk
5594,katarina,clarke,katarina.clarke@hotmail.com.au
2482,leila,washington,leila.washington@gmail.com
2706,mirko,townsend,mirko.townsend@schmitt.com
4861,randall,connolly,randall.connolly@jovinelli-castelli.com
2961,pia,burgess,pia.burgess@proyectos.org
3043,justine,mancini,justine.mancini@tiscali.it
6103,reynaldo,wagenknecht,reynaldo.wagenknecht@faure.com
4708,toni,magrassi,toni.magrassi@gmail.com
4395,patrizio,cisneros,patrizio.cisneros@martinez.edu.au
4912,durante,lindner,durante.lindner@picard.fr
2030,rosl,lamborghini,rosl.lamborghini@hiller.net
5235,ugo,harrison,ugo.harrison@morley-chapman.co.uk
5001,isidor,carpenter,isidor.carpenter@chauvin.com
4093,marie,zoppetto,marie.zoppetto@kallert.de
2576,branko,chambers,branko.chambers@ifrance.com
6122,alan,pineda,alan.pineda@proyectos.info
2813,carmen,oestrovsky,carmen.oestrovsky@gmail.com
3737,shane,fernandez,shane.fernandez@hotmail.de
2803,debbie,guilbert,debbie.guilbert@berg.edu
5508,vito,dossi,vito.dossi@hotmail.co.uk
3850,evan,schacht,evan.schacht@price.com
4220,mandy,weston,mandy.weston@free.fr
4532,paulo,zito,paulo.zito@nelson.biz
6013,alberto,girschner,alberto.girschner@laboratorios.com
3396,giacomo,bouvet,giacomo.bouvet@gmail.com
4401,ehrentraud,puga,ehrentraud.puga@laboratorios.com
2981,cristian,hale,cristian.hale@hotmail.co.uk
4467,lilija,charles,lilija.charles@gmail.com
1377,albert,legendre,albert.legendre@lee.com
5036,marisa,renaud,marisa.renaud@smith.org
5761,sharon,diallo,sharon.diallo@gmail.com
3699,eduardo,delattre,eduardo.delattre@lynch.net.au
4519,bernadette,wang,bernadette.wang@gmail.com
5395,dina,gibbons,dina.gibbons@brewer.net
3057,clara,armstrong,clara.armstrong@vodafone.it
2741,elliott,herrmann,elliott.herrmann@hotmail.com.au
1675,graziella,vidal,graziella.vidal@hotmail.com
2712,francisca,becerra,francisca.becerra@young.com.au
4527,edeltrud,boyer,edeltrud.boyer@outlook.com
1722,julian,noble,julian.noble@hill.org.au
4330,christophe,bohnbach,christophe.bohnbach@ifrance.com
5219,ippazio,angulo,ippazio.angulo@yahoo.com
4997,grace,kroker,grace.kroker@hotmail.com
2239,jared,ferguson,jared.ferguson@roberts.com
4587,virginie,mclean,virginie.mclean@yahoo.com
4113,mason,potter,mason.potter@gmail.com
4762,aaron,anaya,aaron.anaya@hotmail.com.au
5242,leah,ornelas,leah.ornelas@gmail.com
5765,harald,roy,harald.roy@web.de
2185,micaela,martel,micaela.martel@hotmail.com
5500,vincentio,sanders,vincentio.sanders@voila.fr
3494,bettina,norbiato,bettina.norbiato@allen-lutz.org
3924,julio,renner,julio.renner@industrias.net
3521,jelena,stiffel,jelena.stiffel@trupp.de
5262,guadalupe,munoz,guadalupe.munoz@murray-hamilton.com.au
3684,whitney,noack,whitney.noack@laboratorios.org
5784,gelsomina,migliaccio,gelsomina.migliaccio@junk.com
1498,evangelista,pereira,evangelista.pereira@thompson-peterson.biz
6073,gareth,comolli,gareth.comolli@tiscali.fr
4939,michelangelo,hess,michelangelo.hess@bouygtel.fr
